tier,asset_class,pool_token_pairs,figure_pairs,same_token_out_value,same_token_matched_later_in_value,same_token_return_coverage
strong,cash,55,55,10009.333079,1989.814666,0.198796
strong,redeemable_voucher,133,128,2841.243855,1791.814557,0.630644
strong,internal_voucher,382,380,7027.231076,3996.406281,0.568703
moderate,cash,22,21,30969.590073,9746.278254,0.314705
moderate,redeemable_voucher,62,57,15690.419147,14567.789018,0.928451
moderate,internal_voucher,188,180,4252.875215,3041.154864,0.715082
weak,cash,14,13,16716.517157,2006.672190,0.120041
weak,redeemable_voucher,26,24,600.058084,515.226784,0.858628
weak,internal_voucher,32,28,1103.519441,950.355094,0.861204
