pool_degree_bucket,min_pool_degree,max_pool_degree,voucher_tokens,share
1,1,1,1115,0.8524464831804281
2,2,2,116,0.08868501529051988
3,3,3,52,0.039755351681957186
4-5,4,5,13,0.009938837920489297
6-10,6,10,9,0.006880733944954129
11-25,11,25,2,0.0015290519877675841
26+,26,,1,0.0007645259938837921
